79652,74
43844,31
66000,28
19404,24
35416,24
25756,22
18632,22
35268,22
30796,21
108752,21
20936,21
125236,20
217764,19
52032,19
81860,19
62796,19
130984,19
96808,19
53008,19
90308,19
100036,18
96032,18
40988,18
87136,18
996,18
53788,18
41840,18
75252,18
38752,17
97116,17
147592,17
103548,17
190500,17
69448,17
36232,16
180256,16
57952,16
57508,16
97920,16
30500,16
28656,16
61460,16
75000,15
55068,15
79536,15
190076,15
28464,15
84612,15
100632,15
21380,15
217832,15
70960,14
211596,14
78588,14
23048,14
48264,14
106360,14
219084,14
58824,14
73876,13
101908,13
94968,13
197132,13
91916,13
21844,13
62572,13
112320,13
77732,13
68864,13
35700,13
110056,13
64460,13
61616,13
179364,13
31604,13
42248,13
202168,13
46576,13
93876,13
94168,13
67144,12
9988,12
218752,12
57084,12
18652,12
207672,12
55240,12
168088,12
47924,12
68124,12
33468,12
97632,12
48564,12
220608,12
199376,12
108468,12
46944,12
41280,12
1600,12
68884,12
202196,12
173240,11
32884,11
43408,11
73072,11
136388,11
83456,11
207268,11
42120,11
30004,11
76092,11
19080,11
105688,11
95816,11
98452,11
69052,11
101728,11
19324,11
77508,11
118816,11
51828,11
172252,11
109536,11
180840,11
94600,11
149940,11
86256,11
50656,11
54532,11
98596,10
151092,10
222452,10
101884,10
210884,10
44684,10
20360,10
221364,10
98156,10
99356,10
47808,10
84992,10
44324,10
57440,10
107860,10
80780,10
70176,10
39464,10
74092,10
127792,10
76516,10
47956,10
106420,10
74636,10
192944,10
91728,10
67940,10
171948,10
37084,10
205104,10
83392,10
216028,10
81036,10
80152,10
35676,10
49168,10
55508,10
52724,10
32668,10
83964,10
94152,10
112052,10
18724,10
66016,10
100240,10
212368,10
37488,10
29788,10
178744,10
90192,10
76004,10
82372,9
23140,9
100940,9
222196,9
92100,9
221444,9
55828,9
55796,9
223924,9
197724,9
20868,9
72272,9
45816,9
77364,9
114748,9
58352,9
53688,9
85868,9
85068,9
44520,9
55284,9
28300,9
117648,9
48096,9
203272,9
86520,9
55672,9
223488,9
100356,9
180260,9
206936,9
71628,9
210768,9
72140,9
218804,9
29844,9
37872,9
77548,9
55308,9
103448,9
47592,9
107124,9
75204,9
156604,9
94300,9
45196,9
72212,9
25932,9
204588,9
70668,9
42860,9
39500,9
27204,9
112260,9
123916,9
95388,9
76408,9
105528,9
36128,9
216000,9
65044,9
209048,9
19272,9
104624,8
87352,8
206336,8
216344,8
92600,8
87776,8
71136,8
88460,8
96112,8
123428,8
212804,8
51672,8
2712,8
164644,8
97984,8
100924,8
217656,8
25920,8
58400,8
47336,8
201316,8
57464,8
46424,8
47312,8
82296,8
45100,8
54080,8
98600,8
81268,8
58200,8
71364,8
86416,8
53096,8
66732,8
132484,8
202768,8
56352,8
84596,8
194996,8
41452,8
82228,8
23188,8
216684,8
175236,8
199844,8
125116,8
105456,8
28200,8
71804,8
192832,8
25444,8
98504,8
53976,8
113936,8
185092,8
25420,8
43412,8
45616,8
218388,8
189956,8
83592,8
99180,8
207632,8
20932,8
57488,8
91172,8
74960,8
54204,8
59676,8
85712,8
221296,8
48308,8
78040,8
35348,8
30784,8
133960,8
156428,7
80888,7
96024,7
30960,7
126196,7
85432,7
201560,7
57764,7
169120,7
219476,7
58192,7
77900,7
128084,7
105788,7
90340,7
22652,7
30260,7
71916,7
160080,7
101600,7
79316,7
61960,7
49248,7
91152,7
41192,7
38440,7
185272,7
132984,7
41772,7
21164,7
47412,7
41728,7
21332,7
150784,7
156896,7
86924,7
164852,7
213756,7
86340,7
44400,7
191852,7
113568,7
96388,7
113748,7
9588,7
86976,7
94828,7
221164,7
18572,7
142548,7
72284,7
74448,7
51092,7
216708,7
158412,7
20984,7
28728,7
214776,7
145620,7
29980,7
104736,7
80848,7
52080,7
161700,7
79072,7
43256,7
95092,7
109184,7
156340,7
81684,7
76624,7
187352,7
48032,7
152544,7
74676,7
59880,7
85584,7
84968,7
111340,7
28732,7
104452,7
170484,7
147508,7
32344,7
98964,7
112028,7
26460,7
98392,7
84000,7
64172,7
216060,7
54492,7
42784,7
86296,7
72828,7
71616,7
208944,7
218084,7
219392,7
25544,7
38796,7
79744,7
186708,7
115068,7
100088,7
65180,7
48980,7
213064,7
73832,7
78960,7
38448,7
70540,7
62720,6
30776,6
57756,6
57724,6
116700,6
65144,6
95952,6
80840,6
23272,6
116316,6
48176,6
70224,6
100616,6
83404,6
22124,6
72932,6
32808,6
102112,6
145160,6
110308,6
140520,6
165404,6
77848,6
153200,6
76756,6
163336,6
121424,6
94340,6
86668,6
169384,6
214016,6
222176,6
172124,6
28864,6
209300,6
101100,6
98008,6
65612,6
136896,6
94528,6
88044,6
50560,6
222860,6
221436,6
219944,6
205092,6
72080,6
91800,6
65864,6
152976,6
218704,6
89344,6
36140,6
38368,6
189396,6
98488,6
160840,6
56116,6
133612,6
132980,6
213464,6
1640,6
150148,6
71116,6
182536,6
69192,6
98332,6
41076,6
103580,6
128656,6
80516,6
104712,6
30580,6
52300,6
44628,6
41004,6
90444,6
180216,6
208068,6
107464,6
207124,6
109600,6
132960,6
177112,6
105944,6
39748,6
146532,6
213024,6
21176,6
218324,6
78244,6
222476,6
26040,6
54356,6
208000,6
202996,6
191860,6
223112,6
38228,6
220744,6
224592,6
25284,6
68916,6
58664,6
20036,6
51920,6
80416,6
221940,6
1960,6
48340,6
44088,6
43224,6
77916,6
21452,6
209388,6
68188,6
46856,6
64276,6
223776,6
173804,6
70320,6
87812,6
101892,6
124968,6
67352,6
225112,6
27120,6
73292,6
80068,6
94160,6
204652,6
113188,6
100040,6
178468,6
137536,6
222104,6
162484,6
95696,6
43888,6
62276,6
174372,6
223140,6
22648,6
88640,6
118440,6
36144,6
47396,6
162980,6
27580,6
220180,6
38408,6
51408,6
78912,6
71188,6
22836,6
101064,6
83784,6
19684,6
179868,5
223728,5
65524,5
47156,5
180788,5
96684,5
113580,5
163000,5
162996,5
101688,5
98176,5
90268,5
47736,5
62640,5
60388,5
111880,5
56172,5
42516,5
55120,5
204724,5
147624,5
2124,5
214508,5
48908,5
78256,5
29184,5
89568,5
18760,5
90500,5
83720,5
83968,5
51048,5
195592,5
175832,5
96644,5
37132,5
63340,5
150164,5
71772,5
51520,5
89256,5
116980,5
156868,5
103480,5
20684,5
72580,5
73300,5
105728,5
92876,5
103964,5
56000,5
221764,5
64712,5
100480,5
61728,5
161636,5
26132,5
47448,5
41248,5
70508,5
68876,5
27672,5
169184,5
98152,5
99416,5
66832,5
206588,5
78132,5
54208,5
105984,5
153700,5
44336,5
118276,5
49656,5
48184,5
41392,5
93696,5
32444,5
58952,5
79516,5
209240,5
44388,5
85212,5
96536,5
58804,5
189840,5
12828,5
85780,5
67880,5
190680,5
194632,5
39680,5
117092,5
87824,5
63856,5
221352,5
79016,5
58364,5
157236,5
134336,5
219828,5
100588,5
46988,5
77396,5
112644,5
211948,5
136572,5
77776,5
213164,5
111348,5
105272,5
53368,5
88760,5
157372,5
51000,5
21608,5
185108,5
89896,5
35800,5
57908,5
34284,5
101756,5
27960,5
54812,5
44424,5
74908,5
84652,5
77488,5
50524,5
37356,5
58836,5
193904,5
148112,5
62328,5
182504,5
92408,5
202092,5
191592,5
74180,5
180120,5
74704,5
183580,5
32548,5
190840,5
54684,5
50000,5
112776,5
217140,5
26492,5
61368,5
29388,5
131352,5
94932,5
214700,5
113136,5
208916,5
27880,5
95208,5
76956,5
23972,5
114012,5
107992,5
58932,5
182440,5
51432,5
108904,5
104008,5
88632,5
72088,5
93644,5
1208,5
25784,5
213220,5
29500,5
89240,5
36312,5
54740,5
115088,5
71544,5
151184,5
81940,5
82088,5
220788,5
73188,5
207724,5
109424,5
91576,5
119324,5
77060,5
93168,5
24980,5
184228,5
51200,5
23328,5
91904,5
60968,5
68436,5
194196,5
30856,5
102328,5
77528,5
47444,5
143700,5
37504,5
158008,5
34748,5
61464,5
73252,5
108780,5
211440,5
218272,5
51012,5
80608,5
62908,5
78348,5
85132,5
19256,5
156404,5
22880,5
89632,5
89888,5
33112,5
102200,5
73208,5
23688,5
37276,5
73648,5
29888,5
57396,5
172128,5
204460,5
45596,5
169312,4
224868,4
72132,4
122056,4
217968,4
139280,4
86888,4
162624,4
66676,4
170448,4
57004,4
34460,4
111788,4
72980,4
61940,4
26100,4
85964,4
35516,4
73452,4
147112,4
84104,4
186824,4
178788,4
70272,4
176276,4
207560,4
53676,4
52348,4
21184,4
87992,4
206852,4
167412,4
18864,4
52264,4
57612,4
27188,4
185368,4
57500,4
114192,4
99752,4
1284,4
146124,4
85260,4
85576,4
71960,4
198976,4
188276,4
54624,4
35628,4
37536,4
221864,4
203408,4
46024,4
46060,4
107648,4
154112,4
104068,4
41216,4
104172,4
89864,4
196484,4
225552,4
57560,4
3408,4
219180,4
111872,4
51192,4
32940,4
66328,4
224272,4
43824,4
42244,4
112100,4
48964,4
196984,4
47796,4
106744,4
220672,4
76784,4
23016,4
64372,4
184304,4
64144,4
61136,4
179824,4
51452,4
180376,4
216512,4
78032,4
112780,4
94740,4
67580,4
216968,4
70124,4
219676,4
79116,4
74056,4
188468,4
34304,4
205244,4
9580,4
186388,4
29204,4
32980,4
204600,4
189228,4
92292,4
1520,4
80192,4
49816,4
59608,4
98804,4
218516,4
174936,4
42036,4
182356,4
24660,4
115168,4
149240,4
205592,4
73720,4
223080,4
57468,4
82844,4
29560,4
108816,4
218276,4
18704,4
42164,4
186728,4
9332,4
94312,4
104520,4
74544,4
52520,4
38056,4
60000,4
52408,4
75488,4
18940,4
43180,4
34328,4
109020,4
101536,4
179984,4
144164,4
215816,4
22292,4
66644,4
134600,4
97940,4
36948,4
99160,4
173268,4
44764,4
53700,4
53628,4
29624,4
84284,4
28240,4
33992,4
91656,4
59064,4
46872,4
201948,4
136464,4
148184,4
220884,4
135788,4
217616,4
88916,4
20592,4
86224,4
30700,4
111152,4
78988,4
104224,4
171916,4
134260,4
112208,4
217408,4
35520,4
108756,4
84852,4
66804,4
223960,4
29292,4
1480,4
188764,4
60264,4
79752,4
207492,4
40448,4
21704,4
97616,4
223600,4
68384,4
220036,4
73784,4
69936,4
57196,4
32768,4
115136,4
106864,4
53792,4
77420,4
53108,4
113468,4
50968,4
76468,4
48620,4
89488,4
223516,4
95588,4
162972,4
32228,4
53196,4
44260,4
99620,4
109200,4
54824,4
163632,4
87076,4
150428,4
89800,4
113032,4
59752,4
75524,4
94104,4
115620,4
115276,4
119328,4
99596,4
44288,4
65896,4
138412,4
67884,4
86212,4
55236,4
76588,4
107988,4
92804,4
47648,4
18808,4
209352,4
60176,4
29576,4
211452,4
41708,4
220872,4
158132,4
221280,4
224824,4
79004,4
94468,4
75356,4
104128,4
177392,4
104748,4
101416,4
108392,4
145496,4
41196,4
148264,4
89184,4
32264,4
188116,4
79872,4
77336,4
98288,4
39676,4
219144,4
27196,4
49932,4
67212,4
24412,4
209128,4
107072,4
51576,4
189960,4
204988,4
84340,4
106172,4
8424,4
64324,4
109896,4
70472,4
56324,4
179748,4
113304,4
75220,4
46816,4
116652,4
28192,4
6884,4
161572,4
138828,4
214900,4
80428,4
137816,4
57032,4
183064,4
125684,4
201184,4
51556,4
148392,4
85600,4
151392,4
42956,4
52752,4
1364,4
56168,4
222324,4
108812,4
170756,4
54484,4
116296,4
189936,4
59152,4
44100,4
108772,4
49164,4
71504,4
57776,4
21812,4
47036,4
105556,4
106860,4
42848,4
75608,4
51032,4
187692,4
57148,4
189460,3
81960,3
33784,3
114528,3
28100,3
89660,3
96140,3
113816,3
222912,3
164676,3
75968,3
35568,3
147760,3
79532,3
8300,3
25772,3
30536,3
190260,3
74612,3
90828,3
95112,3
93732,3
99332,3
29280,3
94972,3
60964,3
130528,3
57068,3
102256,3
32296,3
152052,3
64088,3
218404,3
105500,3
32776,3
120056,3
57492,3
106892,3
112280,3
106776,3
116492,3
61036,3
67708,3
44368,3
108040,3
45252,3
47484,3
44500,3
61584,3
101664,3
74980,3
91952,3
70488,3
74812,3
82484,3
75048,3
31812,3
116580,3
147028,3
90940,3
45140,3
77428,3
53908,3
47588,3
80524,3
126244,3
186264,3
219308,3
39348,3
122752,3
47256,3
42780,3
17180,3
141684,3
28780,3
48876,3
96340,3
215828,3
115640,3
196848,3
32348,3
74932,3
38536,3
77164,3
34668,3
63284,3
67160,3
104772,3
42472,3
112012,3
117472,3
86236,3
44512,3
221644,3
190296,3
86836,3
214088,3
54408,3
87692,3
33804,3
218220,3
109368,3
182036,3
48260,3
79580,3
102480,3
54376,3
60148,3
93356,3
138900,3
71388,3
45016,3
66172,3
26488,3
63192,3
109492,3
52128,3
72496,3
21884,3
44728,3
161688,3
51896,3
27220,3
115720,3
208336,3
55092,3
195004,3
81524,3
57308,3
64364,3
112252,3
103928,3
41420,3
72124,3
195112,3
134456,3
109352,3
151292,3
161384,3
174960,3
98012,3
53956,3
133552,3
161292,3
60820,3
54580,3
104368,3
119320,3
20664,3
104640,3
82256,3
107172,3
63108,3
180132,3
62240,3
125260,3
144432,3
73692,3
110800,3
19656,3
99896,3
166168,3
214328,3
86680,3
161952,3
65740,3
20636,3
157352,3
92068,3
93540,3
156964,3
81848,3
123184,3
65796,3
85804,3
135512,3
56740,3
82308,3
108212,3
167600,3
142224,3
102548,3
21088,3
83780,3
96404,3
70916,3
53524,3
19152,3
220480,3
61064,3
54588,3
61860,3
222612,3
65652,3
102296,3
47128,3
222572,3
82356,3
160596,3
209276,3
94668,3
204484,3
89124,3
52420,3
217864,3
20436,3
38908,3
75292,3
82780,3
66464,3
107060,3
49660,3
202368,3
108312,3
157568,3
107912,3
22216,3
77596,3
84396,3
188776,3
99336,3
23408,3
219456,3
55716,3
112616,3
217576,3
93688,3
18916,3
42388,3
64236,3
100144,3
35808,3
124548,3
124220,3
207536,3
55312,3
193972,3
116772,3
78156,3
194380,3
145980,3
55528,3
61772,3
85552,3
114356,3
54892,3
42140,3
24504,3
62728,3
111944,3
26116,3
87100,3
20560,3
42432,3
183148,3
99300,3
21640,3
49532,3
217916,3
148616,3
40996,3
87952,3
94716,3
183908,3
157596,3
92908,3
83540,3
105888,3
58420,3
80764,3
142428,3
219052,3
71448,3
26380,3
221848,3
47168,3
112956,3
104832,3
19396,3
220580,3
83936,3
156316,3
106088,3
170208,3
111164,3
53120,3
84888,3
105276,3
11952,3
61352,3
215040,3
31552,3
58124,3
63584,3
36620,3
138868,3
83820,3
81024,3
222392,3
100848,3
23004,3
74156,3
88788,3
133672,3
57040,3
107300,3
115652,3
221592,3
82504,3
86692,3
95944,3
136340,3
89624,3
191132,3
36016,3
223688,3
152540,3
114508,3
107324,3
221588,3
224208,3
13156,3
79396,3
158876,3
126392,3
82084,3
224188,3
205284,3
109588,3
88920,3
51088,3
212100,3
39936,3
130160,3
101808,3
113540,3
40788,3
212536,3
28000,3
89476,3
220952,3
31800,3
44560,3
114452,3
56604,3
107448,3
57480,3
28444,3
3968,3
117116,3
71684,3
22632,3
144536,3
105112,3
26468,3
50632,3
188972,3
143768,3
194096,3
138068,3
69872,3
48300,3
99320,3
60844,3
224312,3
38144,3
175932,3
90676,3
181880,3
213700,3
28384,3
118652,3
49952,3
103896,3
47132,3
72572,3
116436,3
79792,3
66216,3
77304,3
190720,3
75600,3
95600,3
66156,3
183716,3
120312,3
165468,3
167048,3
213048,3
105024,3
128188,3
77052,3
30848,3
112512,3
146780,3
214408,3
27036,3
115132,3
170056,3
203284,3
33960,3
2296,3
155544,3
112500,3
12336,3
90920,3
59696,3
90876,3
159868,3
30312,3
95308,3
174712,3
59956,3
24036,3
44064,3
219440,3
34648,3
105572,3
51596,3
74824,3
94084,3
59516,3
45296,3
86344,3
213512,3
154440,3
209924,3
57296,3
40268,3
88864,3
49132,3
114784,3
190520,3
114464,3
24048,3
63728,3
19228,3
28820,3
44352,3
117888,3
48840,3
95544,3
37948,3
221928,3
63220,3
204132,3
65780,3
201244,3
81368,3
27328,3
209696,3
216168,3
217844,3
102444,3
156656,3
54668,3
70964,3
45688,3
174228,3
215700,3
103800,3
22840,3
222576,3
79224,3
217860,3
158716,3
219544,3
21592,3
107044,3
80460,3
115960,3
134272,3
37108,3
84548,3
53104,3
142896,3
220128,3
52064,3
104080,3
137360,3
42748,3
94044,3
198932,3
111816,3
59936,3
109220,3
103880,3
41188,3
61748,3
137392,3
93648,3
46000,3
61060,3
48104,3
208756,3
84052,3
93204,3
84492,3
222956,3
100408,3
70412,3
212552,3
184900,3
94288,3
43328,3
95156,3
89988,3
60552,3
165060,3
24656,3
98620,3
73600,3
6224,3
108644,3
107108,3
26228,3
2828,3
111864,3
209660,3
100708,3
1032,3
190244,3
87388,3
116500,3
158216,3
219952,3
62920,3
22200,3
163620,3
56736,3
110080,3
199756,3
45804,3
74828,3
44572,3
107908,3
50484,3
39876,3
110600,3
196932,3
221292,3
136844,3
117372,3
51508,3
89176,3
41988,3
33276,3
59464,3
188760,3
68300,3
183488,3
90196,3
204996,3
50736,3
67552,3
50804,3
35736,3
69976,3
85224,3
134440,3
169088,3
202548,3
104936,3
41768,3
59372,3
52248,3
82640,3
67116,3
112620,3
96788,3
103940,3
172052,3
211680,3
108516,3
114524,3
81092,3
108960,3
66092,3
63576,3
115108,3
117024,3
87944,3
182064,3
60092,3
179828,3
115892,3
118308,3
196412,3
96496,3
213172,3
139888,3
79008,3
103984,3
191360,3
98908,3
21484,3
216572,3
51776,3
186656,3
70524,3
53764,3
78208,3
22360,3
133916,2
180228,2
54880,2
82140,2
185184,2
92624,2
78008,2
220032,2
44844,2
150140,2
48768,2
22412,2
73132,2
162412,2
73672,2
73340,2
23060,2
54456,2
103360,2
108340,2
87028,2
50696,2
91520,2
215024,2
218864,2
201644,2
112420,2
78104,2
80556,2
89308,2
43204,2
74568,2
218288,2
188716,2
31112,2
60172,2
63952,2
220988,2
222164,2
196852,2
50588,2
62600,2
158056,2
205720,2
57808,2
97092,2
44664,2
92764,2
42704,2
170772,2
117988,2
207748,2
167084,2
54364,2
194388,2
221300,2
186588,2
223896,2
84976,2
175140,2
65548,2
42588,2
63720,2
90204,2
43532,2
129908,2
163724,2
169048,2
39388,2
223884,2
216620,2
58912,2
76336,2
58896,2
41300,2
214648,2
182372,2
2724,2
26484,2
55032,2
105960,2
88800,2
59644,2
218808,2
69848,2
224128,2
94780,2
84936,2
112448,2
7252,2
203156,2
153832,2
90216,2
98648,2
118072,2
64688,2
53388,2
53140,2
92392,2
114320,2
211252,2
73812,2
221880,2
21784,2
56816,2
96268,2
36240,2
37864,2
45028,2
107052,2
74088,2
161176,2
122552,2
48696,2
137736,2
59436,2
94308,2
67156,2
138448,2
79304,2
161792,2
221104,2
115052,2
222464,2
90720,2
75740,2
33240,2
43272,2
151884,2
60864,2
72820,2
56616,2
34624,2
158200,2
109476,2
207584,2
111220,2
48616,2
59112,2
70516,2
107900,2
27664,2
30096,2
152588,2
92552,2
7812,2
48752,2
67876,2
103780,2
65992,2
142592,2
101484,2
220796,2
153056,2
181292,2
94452,2
205484,2
93188,2
111320,2
206568,2
219528,2
125324,2
110452,2
179644,2
147744,2
88556,2
37612,2
215256,2
74944,2
27060,2
73632,2
85344,2
107708,2
60008,2
146384,2
10756,2
107956,2
54276,2
37760,2
106488,2
20908,2
63092,2
46212,2
74332,2
81760,2
201196,2
94100,2
21504,2
213896,2
118668,2
85588,2
71632,2
79328,2
103812,2
71400,2
114596,2
67176,2
219924,2
35016,2
44176,2
41372,2
138320,2
181736,2
212108,2
46536,2
24340,2
154828,2
190028,2
46984,2
112648,2
160404,2
2416,2
221044,2
133544,2
147072,2
33344,2
41116,2
66852,2
223908,2
60960,2
98900,2
103996,2
61556,2
71788,2
27956,2
212592,2
44436,2
76108,2
192124,2
138656,2
190428,2
74564,2
116732,2
85968,2
156968,2
221000,2
220928,2
156396,2
169596,2
218748,2
21696,2
173644,2
57336,2
83652,2
24864,2
42268,2
42676,2
167952,2
96852,2
52948,2
135860,2
142924,2
64728,2
78200,2
21508,2
201428,2
28128,2
102376,2
1392,2
63652,2
165128,2
208112,2
174000,2
32288,2
220040,2
107556,2
180852,2
97732,2
49612,2
95364,2
208556,2
139592,2
34652,2
35384,2
3484,2
196032,2
184616,2
211156,2
166892,2
92036,2
193052,2
18748,2
114416,2
81772,2
78776,2
99264,2
98560,2
29264,2
158972,2
57668,2
79376,2
91872,2
60328,2
160576,2
221452,2
58108,2
220508,2
69820,2
40444,2
72600,2
78020,2
220856,2
84984,2
147912,2
157792,2
203128,2
73996,2
98592,2
81908,2
49384,2
47804,2
33328,2
19468,2
12440,2
33712,2
106028,2
72044,2
76872,2
109332,2
75744,2
23616,2
157564,2
43940,2
51064,2
117016,2
117252,2
158416,2
74628,2
110120,2
48600,2
22048,2
223684,2
9856,2
61428,2
47844,2
26552,2
107468,2
76400,2
53424,2
93712,2
204808,2
179544,2
159128,2
3300,2
158900,2
185072,2
224680,2
64872,2
202656,2
35144,2
25412,2
210144,2
49156,2
98124,2
54072,2
84428,2
161392,2
211548,2
56656,2
47488,2
21308,2
68240,2
104644,2
25684,2
134528,2
138724,2
46896,2
38308,2
78636,2
218048,2
116936,2
205144,2
108568,2
180324,2
172824,2
51160,2
24384,2
77116,2
90384,2
214160,2
149292,2
122528,2
85960,2
214356,2
135216,2
44268,2
135780,2
42332,2
224148,2
25268,2
77700,2
68784,2
33252,2
82340,2
146596,2
187252,2
76372,2
93756,2
32320,2
221856,2
220632,2
209904,2
34988,2
91112,2
128760,2
96188,2
107700,2
218772,2
204052,2
222940,2
164708,2
56860,2
175940,2
47612,2
167580,2
105316,2
84392,2
99428,2
51420,2
179424,2
12548,2
93988,2
225664,2
164812,2
41920,2
220720,2
106040,2
63516,2
102712,2
90596,2
101292,2
169240,2
222052,2
107964,2
29608,2
199236,2
114112,2
123972,2
53228,2
93904,2
110832,2
169600,2
65552,2
123932,2
67384,2
30088,2
195988,2
107840,2
162032,2
74192,2
48072,2
46760,2
51976,2
72196,2
94824,2
26276,2
54956,2
28560,2
114084,2
151248,2
108540,2
18944,2
212248,2
77084,2
123328,2
204376,2
96400,2
70716,2
108908,2
147368,2
222896,2
223532,2
22536,2
161288,2
203560,2
89920,2
99736,2
197308,2
64620,2
175044,2
84460,2
202840,2
19884,2
198260,2
64628,2
115244,2
20692,2
60404,2
19308,2
60280,2
89164,2
24188,2
40152,2
34044,2
97088,2
55048,2
117660,2
89340,2
24556,2
204864,2
41208,2
195696,2
168832,2
194128,2
79100,2
49472,2
135804,2
54516,2
108736,2
179800,2
54144,2
197712,2
48016,2
97476,2
210204,2
81080,2
87616,2
158076,2
61276,2
182040,2
52360,2
63272,2
75436,2
26912,2
60716,2
70392,2
183812,2
97400,2
101964,2
62636,2
55080,2
221404,2
215924,2
182084,2
91692,2
83464,2
104284,2
32340,2
94048,2
53088,2
105592,2
218724,2
182604,2
7960,2
33084,2
211456,2
113844,2
145908,2
68432,2
114920,2
110860,2
108492,2
59884,2
105540,2
215732,2
113812,2
205084,2
215240,2
191400,2
89600,2
54496,2
59868,2
40524,2
218652,2
92012,2
71724,2
80344,2
83868,2
102504,2
90560,2
215888,2
102232,2
73468,2
105480,2
61252,2
32896,2
112064,2
55896,2
111260,2
43344,2
19056,2
114312,2
221964,2
181516,2
181916,2
91932,2
113328,2
78496,2
70808,2
108888,2
125544,2
109504,2
158596,2
187044,2
214976,2
99904,2
45832,2
54424,2
184524,2
122368,2
113348,2
53720,2
23128,2
223540,2
117020,2
40408,2
51600,2
109456,2
119496,2
49420,2
120276,2
99656,2
111968,2
88592,2
82280,2
83388,2
113528,2
115176,2
96716,2
85244,2
70660,2
142948,2
110824,2
106856,2
224876,2
115984,2
116952,2
189992,2
76040,2
30956,2
181636,2
37300,2
96576,2
131548,2
224860,2
184356,2
115772,2
49636,2
158848,2
107084,2
192396,2
101916,2
3720,2
84736,2
108864,2
212960,2
68484,2
219888,2
64888,2
194504,2
177320,2
187224,2
153484,2
225532,2
52252,2
218572,2
130380,2
221736,2
184868,2
90392,2
147076,2
79808,2
213548,2
125528,2
163644,2
106732,2
26760,2
91960,2
110588,2
77684,2
32760,2
30888,2
152284,2
18612,2
218120,2
62448,2
126140,2
184236,2
217824,2
221524,2
185616,2
203944,2
137132,2
166660,2
44792,2
217096,2
136880,2
152276,2
183424,2
29056,2
58676,2
51332,2
22372,2
192996,2
164896,2
55652,2
119312,2
165212,2
106392,2
123076,2
109320,2
209164,2
159656,2
93336,2
73888,2
218744,2
36288,2
52292,2
148324,2
166324,2
87948,2
32756,2
223172,2
82096,2
97480,2
171920,2
97168,2
77560,2
104876,2
5020,2
159612,2
112920,2
218248,2
73608,2
113452,2
92468,2
100064,2
110368,2
76272,2
127724,2
120156,2
83252,2
23648,2
180028,2
176536,2
94224,2
90240,2
138996,2
144512,2
111500,2
60300,2
76172,2
63996,2
114432,2
80156,2
73668,2
180368,2
68976,2
65016,2
110064,2
172756,2
95288,2
192504,2
223280,2
115016,2
178228,2
91752,2
196872,2
222584,2
60420,2
107156,2
91920,2
46312,2
88404,2
72000,2
91288,2
45536,2
117720,2
164872,2
70128,2
94548,2
75176,2
99020,2
95256,2
32852,2
105240,2
53048,2
113520,2
112224,2
193024,2
150972,2
103908,2
63860,2
82120,2
223180,2
71276,2
72740,2
216992,2
170296,2
32660,2
108876,2
171492,2
36768,2
112476,2
179392,2
97712,2
211176,2
93872,2
199856,2
222636,2
33656,2
114444,2
94404,2
220752,2
48572,2
101236,2
128240,2
101676,2
21104,2
108764,2
110528,2
181948,2
92380,2
101476,2
219024,2
38588,2
81304,2
136272,2
112592,2
61944,2
88144,2
82448,2
61384,2
86608,2
217384,2
46480,2
146520,2
100116,2
212572,2
87152,2
30804,2
32064,2
105184,2
63956,2
91876,2
105084,2
107428,2
147104,2
89428,2
33128,2
119024,2
108800,2
96260,2
78788,2
76232,2
23280,2
143652,2
91236,2
187496,2
219288,2
79256,2
67076,2
89756,2
208708,2
26844,2
83420,2
99052,2
45936,2
94304,2
43960,2
108408,2
217692,2
78492,2
214712,2
68680,2
66032,2
104608,2
219380,2
90120,2
222680,2
136292,2
34204,2
221360,2
91536,2
217040,2
91432,2
59892,2
42100,2
22332,2
74524,2
48296,2
223308,2
43184,2
91272,2
115064,2
109272,2
82436,2
111936,2
162292,2
225684,2
44816,2
205316,2
26224,2
110144,2
114564,2
221620,2
41952,2
83588,2
194272,2
35856,2
66856,2
81792,1
45460,1
26504,1
95052,1
88076,1
92476,1
75688,1
75088,1
25472,1
68280,1
177640,1
174288,1
29396,1
174152,1
65536,1
40164,1
196304,1
43280,1
200000,1
65048,1
222908,1
196944,1
183996,1
168860,1
80664,1
166456,1
63316,1
104484,1
178192,1
110360,1
220328,1
206960,1
112216,1
53744,1
49076,1
191832,1
143044,1
91360,1
102932,1
221988,1
94800,1
83396,1
52260,1
126016,1
34740,1
139708,1
32400,1
183484,1
59008,1
175500,1
193896,1
101324,1
35824,1
106804,1
70280,1
163756,1
79584,1
48668,1
113092,1
101012,1
194924,1
223264,1
67972,1
41396,1
113044,1
160316,1
112848,1
153164,1
61436,1
101624,1
31140,1
61424,1
44320,1
22212,1
20648,1
156592,1
120028,1
51764,1
26868,1
93132,1
222900,1
196532,1
57268,1
112452,1
63208,1
49000,1
120200,1
83064,1
88764,1
170040,1
25868,1
1016,1
175844,1
35188,1
28156,1
100012,1
147144,1
213524,1
33700,1
152912,1
222496,1
111652,1
222336,1
128896,1
105016,1
54984,1
224536,1
64016,1
205112,1
3496,1
109428,1
53856,1
76672,1
44152,1
222412,1
45368,1
76240,1
77668,1
117940,1
157844,1
24216,1
27140,1
107164,1
54340,1
61044,1
73488,1
202348,1
103708,1
130560,1
179432,1
211856,1
107552,1
18600,1
213004,1
146512,1
116448,1
180236,1
215408,1
41968,1
103844,1
76680,1
176240,1
206400,1
44248,1
107940,1
53192,1
115436,1
90976,1
102592,1
148004,1
56208,1
44392,1
212132,1
55088,1
224364,1
57720,1
57140,1
91828,1
224940,1
41928,1
83052,1
126160,1
57412,1
92564,1
59860,1
18528,1
31408,1
75380,1
193268,1
96040,1
219552,1
84712,1
108692,1
82368,1
96880,1
109688,1
221624,1
35756,1
190208,1
212012,1
224748,1
190136,1
25632,1
118608,1
107360,1
52096,1
61600,1
101560,1
63364,1
105644,1
61612,1
57728,1
101264,1
64532,1
103832,1
100432,1
114676,1
61164,1
75788,1
10644,1
117256,1
2092,1
192816,1
79576,1
92368,1
106056,1
110216,1
54132,1
76028,1
165132,1
87252,1
51788,1
109468,1
76564,1
42536,1
78808,1
58720,1
112556,1
70220,1
22448,1
98056,1
104784,1
23460,1
110240,1
204504,1
107136,1
108344,1
185432,1
223496,1
95844,1
65412,1
157720,1
56136,1
53996,1
223888,1
224708,1
63772,1
76024,1
82352,1
221820,1
195632,1
156160,1
96628,1
18636,1
88944,1
93788,1
46780,1
37408,1
201552,1
114644,1
18936,1
221584,1
119828,1
155136,1
164928,1
26992,1
41720,1
151616,1
149384,1
81164,1
131380,1
88188,1
217828,1
196220,1
93036,1
84272,1
219536,1
92496,1
32988,1
29564,1
169960,1
149708,1
93520,1
197680,1
198584,1
153504,1
24452,1
149728,1
180932,1
48932,1
43120,1
75284,1
108308,1
64480,1
29444,1
114504,1
99576,1
203404,1
42344,1
44980,1
222264,1
18588,1
66812,1
92656,1
159640,1
219840,1
134640,1
99204,1
32080,1
86512,1
1444,1
113600,1
205156,1
86752,1
196904,1
56832,1
70876,1
193464,1
102404,1
222024,1
20904,1
224468,1
105620,1
66716,1
145708,1
215088,1
67856,1
79636,1
110304,1
66616,1
147384,1
75460,1
151324,1
27268,1
58580,1
2840,1
185248,1
116996,1
175732,1
123944,1
24872,1
45916,1
81756,1
97600,1
220724,1
201724,1
109152,1
48948,1
83096,1
220516,1
218544,1
117884,1
147428,1
107276,1
113616,1
135332,1
87212,1
52368,1
80532,1
207164,1
221672,1
210180,1
217464,1
50788,1
117916,1
102124,1
219644,1
36556,1
108668,1
182072,1
131892,1
69544,1
109180,1
217456,1
67172,1
79108,1
50136,1
139180,1
28308,1
154232,1
117000,1
55436,1
24780,1
85148,1
140584,1
207248,1
103624,1
3448,1
111444,1
131584,1
70988,1
86196,1
55968,1
210260,1
219684,1
151100,1
202176,1
37736,1
222876,1
223848,1
97316,1
211316,1
69828,1
219508,1
148028,1
223944,1
89060,1
5892,1
75164,1
63464,1
105752,1
74724,1
200540,1
74028,1
62132,1
38276,1
99376,1
135876,1
20828,1
145644,1
100980,1
57628,1
73268,1
26704,1
69700,1
210812,1
211996,1
53892,1
65768,1
86112,1
113956,1
192296,1
135896,1
220424,1
43916,1
51016,1
30604,1
93448,1
93492,1
95892,1
110052,1
87744,1
111124,1
27728,1
116816,1
138760,1
177072,1
81472,1
142928,1
225160,1
100696,1
68212,1
101228,1
108728,1
84136,1
145116,1
37128,1
185144,1
51808,1
91620,1
37516,1
112896,1
33044,1
99196,1
32128,1
103952,1
43988,1
117792,1
154900,1
25992,1
176340,1
94520,1
30044,1
85424,1
83080,1
103820,1
91056,1
136404,1
137016,1
61104,1
123548,1
53452,1
32700,1
29156,1
56924,1
75544,1
126420,1
222672,1
48424,1
97016,1
87168,1
100764,1
56980,1
112236,1
26748,1
178000,1
64760,1
218588,1
139608,1
33692,1
199172,1
49396,1
100336,1
75400,1
181752,1
95748,1
111200,1
86656,1
118012,1
224640,1
218132,1
130828,1
117628,1
99916,1
25300,1
78632,1
92988,1
219472,1
24144,1
221144,1
194676,1
211712,1
211372,1
211744,1
74880,1
143252,1
78352,1
186512,1
110784,1
215252,1
109520,1
67896,1
117612,1
149576,1
58588,1
53572,1
29660,1
155112,1
215608,1
211660,1
60928,1
118032,1
202832,1
77712,1
64476,1
220448,1
113732,1
48784,1
223492,1
64696,1
156744,1
223372,1
36048,1
173400,1
101308,1
26744,1
205488,1
85836,1
75144,1
40024,1
200364,1
104468,1
116088,1
95116,1
48400,1
135480,1
94284,1
104788,1
81868,1
77064,1
111868,1
125056,1
62644,1
100736,1
92112,1
35316,1
57664,1
41584,1
171640,1
179592,1
24768,1
108936,1
94628,1
94872,1
31520,1
154732,1
129664,1
71780,1
77592,1
18712,1
112484,1
30384,1
225216,1
32496,1
222232,1
152724,1
100920,1
63912,1
157140,1
61412,1
203144,1
220728,1
94040,1
182424,1
18872,1
198704,1
46520,1
76972,1
115076,1
43216,1
218172,1
76976,1
55732,1
204656,1
135912,1
190640,1
78660,1
81264,1
76540,1
154048,1
101656,1
60500,1
32452,1
125672,1
36924,1
114412,1
55952,1
62592,1
50768,1
78372,1
75872,1
116360,1
39136,1
56724,1
2452,1
116912,1
203360,1
183404,1
110108,1
210844,1
128856,1
58796,1
60484,1
84508,1
76236,1
4580,1
95248,1
66076,1
20228,1
83272,1
23780,1
149136,1
165708,1
219304,1
117984,1
117280,1
168156,1
68000,1
182192,1
149668,1
103884,1
223892,1
220136,1
53188,1
164320,1
117468,1
199456,1
21304,1
96272,1
142208,1
75908,1
110256,1
104664,1
203372,1
30844,1
104232,1
88160,1
97980,1
222252,1
222768,1
225168,1
171080,1
202916,1
105424,1
107384,1
181640,1
40176,1
88028,1
38196,1
19696,1
216548,1
176468,1
71552,1
169892,1
76820,1
68896,1
36404,1
209984,1
178072,1
42032,1
147344,1
135624,1
225304,1
106080,1
209900,1
101300,1
63844,1
117484,1
103584,1
162268,1
164332,1
221276,1
225336,1
72176,1
105712,1
95096,1
98252,1
210600,1
125212,1
84096,1
70692,1
108672,1
25672,1
111464,1
224992,1
68092,1
103764,1
91512,1
186792,1
90864,1
179472,1
74988,1
114540,1
113884,1
188288,1
127088,1
182388,1
137636,1
150880,1
78016,1
59988,1
78736,1
38400,1
191748,1
177612,1
217944,1
96556,1
56156,1
117392,1
140400,1
32564,1
197424,1
198396,1
52872,1
191220,1
204316,1
110628,1
90016,1
116828,1
84144,1
104848,1
214836,1
32536,1
45764,1
47428,1
94556,1
167148,1
103716,1
99816,1
215472,1
135096,1
76608,1
225528,1
58680,1
59460,1
19388,1
40004,1
1264,1
206220,1
221712,1
222224,1
131492,1
181052,1
101208,1
98524,1
107248,1
203876,1
68716,1
47296,1
91080,1
82424,1
214732,1
207712,1
220376,1
222448,1
183332,1
146544,1
92784,1
31944,1
114236,1
160012,1
181684,1
224368,1
153048,1
167872,1
26936,1
197248,1
221432,1
163600,1
20956,1
117872,1
51372,1
56204,1
45428,1
100488,1
74196,1
148768,1
206136,1
39376,1
57632,1
89472,1
105852,1
225248,1
26904,1
45844,1
56880,1
58808,1
220208,1
80160,1
106560,1
101400,1
106948,1
117080,1
23816,1
224160,1
64392,1
102428,1
104032,1
45800,1
115044,1
97744,1
104276,1
181940,1
27764,1
33512,1
225032,1
40680,1
62236,1
221772,1
220364,1
85980,1
82056,1
55072,1
78108,1
61964,1
20896,1
76556,1
22812,1
59336,1
212324,1
57548,1
191964,1
155128,1
147452,1
221304,1
145864,1
212932,1
70468,1
59404,1
109720,1
71464,1
84540,1
219036,1
214944,1
102252,1
82336,1
94252,1
170780,1
145792,1
33068,1
79244,1
117572,1
84516,1
174956,1
43460,1
197764,1
209012,1
37572,1
127500,1
104672,1
210372,1
160464,1
104336,1
191308,1
57312,1
20672,1
164820,1
221048,1
221056,1
139028,1
203800,1
225488,1
44504,1
131636,1
79676,1
27468,1
116396,1
220268,1
22160,1
54948,1
219856,1
74572,1
215696,1
222920,1
58476,1
150144,1
155356,1
100172,1
201312,1
185096,1
77376,1
67792,1
61080,1
75660,1
112876,1
39068,1
103888,1
60944,1
213552,1
150060,1
74132,1
172292,1
93708,1
61120,1
223880,1
106616,1
81600,1
22916,1
182232,1
24832,1
23264,1
225504,1
102372,1
155364,1
157476,1
113164,1
103956,1
74036,1
222864,1
87336,1
215900,1
39988,1
19640,1
42088,1
222660,1
154088,1
162552,1
147932,1
222600,1
209820,1
70496,1
223508,1
26672,1
224396,1
214132,1
103924,1
82016,1
89392,1
203100,1
109160,1
136532,1
215792,1
130772,1
69440,1
217804,1
30680,1
173820,1
61856,1
154932,1
110556,1
92612,1
49908,1
76180,1
88684,1
223460,1
100808,1
215276,1
49776,1
96412,1
52760,1
185204,1
179484,1
73140,1
39416,1
113224,1
23652,1
96192,1
108220,1
66964,1
101120,1
225044,1
156580,1
98372,1
95700,1
97216,1
73652,1
64932,1
121416,1
122976,1
182164,1
109228,1
78840,1
81552,1
213708,1
75988,1
113948,1
182376,1
88656,1
32352,1
96532,1
100644,1
197868,1
86144,1
84044,1
61376,1
69668,1
89740,1
106668,1
219692,1
154116,1
112568,1
117120,1
193548,1
215508,1
206284,1
20488,1
151788,1
162180,1
113260,1
27252,1
213836,1
144012,1
112204,1
38748,1
133744,1
86628,1
155768,1
52324,1
158524,1
128712,1
134268,1
40960,1
185244,1
28328,1
128992,1
155460,1
41816,1
210488,1
72024,1
22784,1
180156,1
219896,1
85264,1
148536,1
150076,1
113496,1
127524,1
207160,1
100160,1
107792,1
108440,1
142956,1
91332,1
5188,1
103472,1
101524,1
106700,1
163440,1
125168,1
56144,1
42872,1
28332,1
45172,1
52396,1
176224,1
110156,1
58072,1
93468,1
80716,1
95624,1
104588,1
107444,1
69140,1
114908,1
160048,1
102148,1
215160,1
105412,1
217672,1
121492,1
146856,1
112244,1
170504,1
48888,1
224356,1
109208,1
111356,1
207804,1
76776,1
102704,1
222400,1
110788,1
89560,1
107364,1
108916,1
110068,1
215084,1
68624,1
61884,1
214996,1
54288,1
106628,1
200412,1
222316,1
223000,1
223828,1
151168,1
38688,1
63380,1
54348,1
75368,1
64212,1
60304,1
158984,1
73020,1
99988,1
104904,1
73276,1
56716,1
113804,1
67700,1
40464,1
103788,1
76804,1
29472,1
220912,1
3740,1
208376,1
206656,1
71800,1
87088,1
112588,1
72276,1
112124,1
62452,1
68016,1
210764,1
24808,1
108400,1
169004,1
75464,1
200436,1
152632,1
29348,1
42144,1
42452,1
112148,1
137196,1
114576,1
106772,1
106800,1
185436,1
56452,1
41512,1
146672,1
186240,1
59012,1
177460,1
30236,1
160072,1
45760,1
108384,1
114036,1
135672,1
76524,1
89400,1
10348,1
101276,1
28316,1
160192,1
81016,1
112524,1
42392,1
113308,1
56672,1
106452,1
83928,1
75132,1
50680,1
28596,1
224260,1
24016,1
114396,1
38740,1
182448,1
224584,1
83360,1
43488,1
217236,1
182972,1
76852,1
39608,1
111256,1
18900,1
38600,1
82800,1
113436,1
109080,1
117804,1
116292,1
151716,1
181084,1
199700,1
69048,1
28044,1
181808,1
34736,1
54256,1
88860,1
54024,1
101372,1
76900,1
72404,1
215464,1
183740,1
224196,1
60988,1
84728,1
148592,1
112220,1
97040,1
20900,1
104348,1
108544,1
60684,1
27432,1
101992,1
106000,1
28392,1
117448,1
52392,1
220436,1
83552,1
214476,1
204408,1
76888,1
213956,1
75800,1
113960,1
116356,1
221532,1
85772,1
219800,1
50296,1
75948,1
109268,1
221800,1
223784,1
96408,1
112732,1
70620,1
109604,1
116592,1
225036,1
223120,1
203820,1
224388,1
104708,1
108604,1
82596,1
110172,1
21124,1
212560,1
101048,1
179468,1
38008,1
100836,1
95968,1
220176,1
113076,1
1088,1
214784,1
22640,1
204156,1
41696,1
216116,1
69160,1
157976,1
116412,1
64424,1
205512,1
69988,1
95456,1
219108,1
96744,1
20916,1
105244,1
113472,1
221732,1
74412,1
153032,1
153904,1
99256,1
88644,1
221628,1
100880,1
107564,1
221568,1
163088,1
66936,1
58528,1
109516,1
94928,1
58744,1
67528,1
117284,1
152880,1
223772,1
208200,1
215996,1
98680,1
52564,1
224776,1
197376,1
101668,1
221836,1
168144,1
213864,1
1572,1
85440,1
52424,1
57372,1
28920,1
117084,1
150660,1
154784,1
63020,1
137364,1
44472,1
21032,1
102100,1
47124,1
52832,1
181348,1
81484,1
195708,1
141764,1
163680,1
99560,1
102152,1
75924,1
52460,1
104660,1
23512,1
225508,1
117336,1
203504,1
151284,1
221548,1
97612,1
225324,1
48392,1
191588,1
52736,1
112076,1
39812,1
54544,1
86884,1
35356,1
225136,1
61720,1
104836,1
49328,1
42460,1
221640,1
82252,1
45792,1
224116,1
144328,1
159972,1
147088,1
109808,1
34972,1
222700,1
135992,1
135744,1
136356,1
25304,1
150728,1
101900,1
106840,1
216868,1
177760,1
136088,1
95132,1
25692,1
30092,1
26548,1
115092,1
109840,1
112304,1
89408,1
125160,1
117640,1
152296,1
220960,1
58216,1
90784,1
44812,1
220284,1
166932,1
97528,1
202568,1
185912,1
88084,1
223812,1
117224,1
222352,1
220708,1
199332,1
201756,1
58040,1
73736,1
89924,1
178632,1
50308,1
110040,1
214432,1
135628,1
112024,1
25000,1
98868,1
64548,1
202416,1
181768,1
206324,1
73232,1
108252,1
85876,1
185252,1
47072,1
100820,1
108472,1
223276,1
101556,1
115616,1
150028,1
32000,1
116564,1
218672,1
91760,1
35540,1
222072,1
223916,1
56852,1
53748,1
147576,1
86376,1
110568,1
203004,1
145388,1
112768,1
93412,1
186000,1
191468,1
40080,1
62860,1
28140,1
109740,1
82928,1
109644,1
206188,1
41156,1
1936,1
94500,1
223700,1
114904,1
85932,1
222892,1
114988,1
41896,1
116456,1
161184,1
202344,1
149028,1
93752,1
86448,1
101508,1
43440,1
221348,1
37776,1
83628,1
212188,1
224976,1
116776,1
30020,1
39412,1
208504,1
182080,1
222280,1
114136,1
34012,1
131124,1
122424,1
186344,1
35484,1
56776,1
63428,1
7848,1
156104,1
78012,1
112680,1
64000,1
164340,1
186472,1
174084,1
218696,1
99164,1
99084,1
110484,1
41552,1
31260,1
53968,1
113968,1
75080,1
48836,1
62468,1
145832,1
224564,1
59904,1
154804,1
106868,1
224660,1
213452,1
97572,1
48416,1
152448,1
25404,1
32888,1
201580,1
78088,1
195648,1
112172,1
59792,1
33592,1
52256,1
98304,1
107296,1
112960,1
22036,1
116560,1
86156,1
223644,1
79548,1
109244,1
136484,1
27756,1
104192,1
196132,1
171996,1
41760,1
142976,1
106720,1
187992,1
188312,1
81676,1
130668,1
110292,1
65772,1
115048,1
78552,1
60052,1
189844,1
156976,1
148832,1
44292,1
73688,1
77816,1
164132,1
222800,1
220604,1
76500,1
75512,1
84928,1
24580,1
74352,1
72788,1
112060,1
1176,1
133944,1
110036,1
223228,1
46744,1
138024,1
93852,1
73436,1
224428,1
224596,1
165180,1
49832,1
89936,1
216352,1
221648,1
59836,1
21300,1
30504,1
215116,1
165024,1
186200,1
223552,1
64400,1
218476,1
156176,1
104752,1
91480,1
65488,1
50940,1
37480,1
220980,1
104760,1
143824,1
221744,1
79960,1
202572,1
19832,1
175900,1
220772,1
116444,1
138044,1
144416,1
73964,1
46216,1
221220,1
42496,1
116960,1
165816,1
220456,1
143864,1
159800,1
27400,1
80084,1
71744,1
109544,1
57024,1
18816,1
115208,1
98996,1
200104,1
109068,1
24796,1
42108,1
79392,1
198076,1
107568,1
85764,1
54780,1
143284,1
161072,1
168896,1
105580,1
90396,1
93616,1
45048,1
62604,1
90952,1
150196,1
188232,1
215444,1
215832,1
114744,1
39428,1
152736,1
221932,1
19076,1
112160,1
25312,1
204544,1
93796,1
24572,1
183832,1
161772,1
91076,1
224152,1
97608,1
206412,1
160156,1
151468,1
8696,1
151480,1
115992,1
191164,1
169940,1
61956,1
46776,1
64208,1
216956,1
71956,1
165788,1
83920,1
86176,1
201740,1
180248,1
160212,1
167416,1
53340,1
200296,1
28532,1
77000,1
71720,1
88928,1
62444,1
40108,1
59876,1
201096,1
111556,1
3436,1
209072,1
157556,1
164104,1
158268,1
135864,1
112628,1
65024,1
223564,1
212796,1
90376,1
211664,1
110020,1
31764,1
113052,1
111336,1
225300,1
211000,1
139600,1
100328,1
148168,1
122240,1
116788,1
45720,1
51252,1
3428,1
56496,1
205224,1
60592,1
118052,1
75956,1
56840,1
103824,1
201188,1
72332,1
83860,1
224816,1
183460,1
96940,1
155184,1
93936,1
149288,1
56360,1
19312,1
109348,1
45496,1
34404,1
48684,1
89460,1
206688,1
105912,1
112536,1
74244,1
31832,1
117160,1
46868,1
47912,1
157448,1
223544,1
154372,1
40616,1
94944,1
63084,1
220332,1
67124,1
55320,1
75540,1
169776,1
103568,1
224288,1
113132,1
170796,1
28488,1
111932,1
72204,1
145368,1
219600,1
62716,1
162736,1
136664,1
221312,1
208064,1
48780,1
26480,1
65968,1
116544,1
32876,1
33976,1
222292,1
30300,1
24968,1
52820,1
110060,1
111056,1
64320,1
225676,1
92472,1
90924,1
28872,1
197072,1
223096,1
101280,1
50380,1
139480,1
164404,1
112548,1
99076,1
43220,1
114664,1
66088,1
116792,1
71196,1
94732,1
21428,1
23096,1
95640,1
41312,1
177388,1
223984,1
75412,1
66816,1
141528,1
137264,1
43424,1
75020,1
221572,1
36348,1
92376,1
188152,1
197880,1
117140,1
154212,1
40476,1
52376,1
145060,1
151868,1
52800,1
144440,1
28424,1
56812,1
99536,1
75240,1
108256,1
115192,1
114924,1
33824,1
163448,1
178636,1
82488,1
112136,1
77408,1
46756,1
208628,1
195672,1
35984,1
44544,1
203964,1
154696,1
194792,1
96976,1
109176,1
113012,1
60804,1
37092,1
113876,1
225236,1
64668,1
154168,1
180860,1
210480,1
122360,1
24824,1
198552,1
133728,1
2076,1
219672,1
67476,1
55212,1
44104,1
134208,1
222216,1
213772,1
198036,1
53580,1
160076,1
156832,1
64676,1
21392,1
32472,1
46568,1
108748,1
2492,1
76096,1
58340,1
208924,1
25440,1
146296,1
133464,1
160512,1
22252,1
82996,1
56304,1
95024,1
174200,1
1008,1
101944,1
59940,1
86624,1
80896,1
43688,1
181376,1
107836,1
38696,1
185104,1
152044,1
32248,1
221372,1
167748,1
112608,1
202624,1
101868,1
66368,1
26696,1
155200,1
225188,1
78616,1
100168,1
213276,1
185844,1
67612,1
143884,1
78812,1
48660,1
86988,1
75776,1
144644,1
221752,1
78928,1
81344,1
107460,1
184128,1
79588,1
77520,1
129708,1
23916,1
53728,1
198640,1
110560,1
188196,1
117276,1
108572,1
185100,1
215360,1
116424,1
193112,1
159932,1
100960,1
98936,1
114704,1
222716,1
134596,1
81336,1
52788,1
219580,1
43964,1
117576,1
45932,1
109928,1
207024,1
32092,1
223680,1
73384,1
137544,1
205860,1
109384,1
135580,1
65708,1
45208,1
213624,1
116480,1
21416,1
172752,1
86040,1
86440,1
50612,1
39432,1
97064,1
216212,1
111160,1
89564,1
117420,1
131264,1
225228,1
21172,1
49508,1
54520,1
72744,1
81832,1
82980,1
45868,1
84240,1
201268,1
199056,1
222752,1
23952,1
100604,1
136700,1
55456,1
62696,1
60728,1
88988,1
52764,1
204108,1
150552,1
157020,1
109340,1
198248,1
29048,1
224360,1
110212,1
154968,1
40292,1
96072,1
221428,1
50456,1
105216,1
214796,1
42336,1
99624,1
113484,1
185848,1
192388,1
144636,1
218848,1
171124,1
117248,1
110284,1
222628,1
113232,1
70888,1
112600,1
92652,1
53884,1
175996,1
80860,1
45508,1
49044,1
60792,1
128664,1
68136,1
100752,1
187676,1
172060,1
59568,1
59852,1
113084,1
115496,1
224676,1
162664,1
54784,1
89448,1
194980,1
144364,1
162080,1
81632,1
225288,1
67284,1
89248,1
59408,1
218536,1
217020,1
137532,1
138080,1
210608,1
97756,1
64272,1
72752,1
86720,1
217048,1
126740,1
23988,1
166404,1
152016,1
121588,1
89040,1
178812,1
222676,1
34556,1
78972,1
104680,1
225012,1
65336,1
76064,1
138984,1
67324,1
142240,1
90860,1
205640,1
82616,1
212076,1
199404,1
221392,1
202432,1
216304,1
51260,1
69472,1
218688,1
209376,1
201736,1
185972,1
100436,1
33768,1
45136,1
191504,1
112816,1
143804,1
104616,1
110960,1
47520,1
223216,1
60712,1
109944,1
44924,1
223956,1
220920,1
70032,1
218124,1
67936,1
136136,1
76168,1
57812,1
105680,1
83736,1
71516,1
178400,1
81500,1
137104,1
100900,1
70428,1
109768,1
92636,1
117480,1
105696,1
62628,1
104776,1
124000,1
82160,1
48136,1
54284,1
56364,1
107884,1
71032,1
88816,1
28948,1
62052,1
49456,1
1096,1
224244,1
96572,1
